{"name":"build-javascript","namedChunkGroups":{"polyfill":{"name":"polyfill","assets":[{"name":"webpack-runtime-38a3a8a7b30e5561a913.js","size":3883},{"name":"polyfill-937ee8a468f15a7b6bab.js","size":85854}],"filteredAssets":0,"assetsSize":89737,"filteredAuxiliaryAssets":2,"auxiliaryAssetsSize":223685},"app":{"name":"app","assets":[{"name":"webpack-runtime-38a3a8a7b30e5561a913.js","size":3883},{"name":"framework-571b4ab58e4fbeae7219.js","size":205464},{"name":"styles.fbe5d50256ce633bd5e1.css","size":153690},{"name":"app-2e66a5941c4e41268897.js","size":65628}],"filteredAssets":0,"assetsSize":428665,"filteredAuxiliaryAssets":3,"auxiliaryAssetsSize":771232},"component---src-pages-404-js":{"name":"component---src-pages-404-js","assets":[{"name":"component---src-pages-404-js-fa458573fbfc89248eeb.js","size":333}],"filteredAssets":0,"assetsSize":333,"filteredAuxiliaryAssets":1,"auxiliaryAssetsSize":371},"component---src-pages-index-js":{"name":"component---src-pages-index-js","assets":[{"name":"component---src-pages-index-js-beb8d2805521e2f6c3ff.js","size":36139}],"filteredAssets":0,"assetsSize":36139,"filteredAuxiliaryAssets":3,"auxiliaryAssetsSize":24454304}},"assetsByChunkName":{"polyfill":["webpack-runtime-38a3a8a7b30e5561a913.js","polyfill-937ee8a468f15a7b6bab.js"],"app":["webpack-runtime-38a3a8a7b30e5561a913.js","framework-571b4ab58e4fbeae7219.js","styles.fbe5d50256ce633bd5e1.css","app-2e66a5941c4e41268897.js"],"component---src-pages-404-js":["component---src-pages-404-js-fa458573fbfc89248eeb.js"],"component---src-pages-index-js":["component---src-pages-index-js-beb8d2805521e2f6c3ff.js"]},"childAssetsByChunkName":{}}